[{"model": "example.blog", "pk": 1, "fields": {"title": "My Frist Blog", "content": "Biltong shankle leberkas, reprehenderit culpa eu in aliquip consectetur qui sausage venison. Doner chuck biltong, duis tongue sint sunt ribeye laborum proident turkey shoulder landjaeger eu id. Filet mignon buffalo landjaeger mollit andouille. Shank ea ipsum rump officia salami nisi short ribs sirloin flank ham hock ad occaecat nulla meatball. Ex nostrud pariatur, sausage culpa dolor qui jowl picanha ground round sirloin pork shankle magna."}}, {"model": "example.blog", "pk": 2, "fields": {"title": "My Second Blog", "content": "Bacon ipsum dolor amet meatball aute pork belly tongue, shankle capicola nulla salami. Dolore occaecat ipsum cow minim labore jowl adipisicing excepteur ut. Alcatra voluptate consectetur reprehenderit ipsum occaecat in. Chuck biltong bacon tempor turducken cillum. Strip steak consequat do, salami incididunt anim sed prosciutto pig minim. Bresaola cupidatat short ribs, do rump shank pork belly.\r\n\r\nDolor cupidatat minim labore. Occaecat quis flank filet mignon, excepteur qui venison biltong. Non et excepteur eiusmod commodo chuck eu, reprehenderit dolore est cillum beef pork chop swine elit. Ad short loin laboris pig fugiat nostrud. Pig ad eiusmod landjaeger biltong velit."}}, {"model": "example.blog", "pk": 3, "fields": {"title": "My Third Blog", "content": "Bacon ipsum dolor amet meatball aute pork belly tongue, shankle capicola nulla salami. Dolore occaecat ipsum cow minim labore jowl adipisicing excepteur ut. Alcatra voluptate consectetur reprehenderit ipsum occaecat in. Chuck biltong bacon tempor turducken cillum. Strip steak consequat do, salami incididunt anim sed prosciutto pig minim. Bresaola cupidatat short ribs, do rump shank pork belly.\r\n\r\nDolor cupidatat minim labore. Occaecat quis flank filet mignon, excepteur qui venison biltong. Non et excepteur eiusmod commodo chuck eu, reprehenderit dolore est cillum beef pork chop swine elit. Ad short loin laboris pig fugiat nostrud. Pig ad eiusmod landjaeger biltong velit."}}, {"model": "example.comment", "pk": 1, "fields": {"content": "Bacon ipsum dolor amet strip steak ullamco labore anim sed pastrami. Bacon andouille ribeye cupidatat, nulla cow non porchetta ipsum. Corned beef brisket cillum, ut lorem commodo ad porchetta. In turkey chicken, nisi sirloin pastrami et corned beef capicola. Ut proident t-bone, tenderloin pastrami pork nisi. In ham hock ut cillum tail cupim duis shankle turducken. Laboris dolore in cillum tempor est kevin shank, spare ribs pig aute.", "blog": 2}}, {"model": "example.comment", "pk": 2, "fields": {"content": "Tempor strip steak sed, ut nostrud buffalo capicola deserunt sint sirloin reprehenderit ball tip burgdoggen ground round. Rump lorem nisi swine. Pork belly pork chop meatloaf, fatback eu swine in landjaeger andouille in. Tri-tip dolore ground round jerky aute turducken laborum, ex chuck chislic aliqua. Est ea aute, t-bone tail brisket pork belly veniam short loin ham.", "blog": 2}}, {"model": "admin.logentry", "pk": 1, "fields": {"action_time": "2022-04-11T17:21:14.215Z", "user": 1, "content_type": 1, "object_id": "1", "object_repr": "Blog object (1)", "action_flag": 1, "change_message": "[{\"added\": {}}]"}}, {"model": "admin.logentry", "pk": 2, "fields": {"action_time": "2022-04-11T17:21:22.028Z", "user": 1, "content_type": 1, "object_id": "2", "object_repr": "Blog object (2)", "action_flag": 1, "change_message": "[{\"added\": {}}]"}}, {"model": "admin.logentry", "pk": 3, "fields": {"action_time": "2022-04-11T17:21:30.881Z", "user": 1, "content_type": 1, "object_id": "3", "object_repr": "Blog object (3)", "action_flag": 1, "change_message": "[{\"added\": {}}]"}}, {"model": "admin.logentry", "pk": 4, "fields": {"action_time": "2022-04-11T17:21:57.022Z", "user": 1, "content_type": 2, "object_id": "1", "object_repr": "Comment object (1)", "action_flag": 1, "change_message": "[{\"added\": {}}]"}}, {"model": "admin.logentry", "pk": 5, "fields": {"action_time": "2022-04-11T17:22:09.715Z", "user": 1, "content_type": 2, "object_id": "2", "object_repr": "Comment object (2)", "action_flag": 1, "change_message": "[{\"added\": {}}]"}}, {"model": "admin.logentry", "pk": 6, "fields": {"action_time": "2022-04-11T17:41:37.850Z", "user": 1, "content_type": 1, "object_id": "1", "object_repr": "Blog object (1)", "action_flag": 2, "change_message": "[{\"changed\": {\"fields\": [\"Content\"]}}]"}}, {"model": "auth.permission", "pk": 1, "fields": {"name": "Can add blog", "content_type": 1, "codename": "add_blog"}}, {"model": "auth.permission", "pk": 2, "fields": {"name": "Can change blog", "content_type": 1, "codename": "change_blog"}}, {"model": "auth.permission", "pk": 3, "fields": {"name": "Can delete blog", "content_type": 1, "codename": "delete_blog"}}, {"model": "auth.permission", "pk": 4, "fields": {"name": "Can view blog", "content_type": 1, "codename": "view_blog"}}, {"model": "auth.permission", "pk": 5, "fields": {"name": "Can add comment", "content_type": 2, "codename": "add_comment"}}, {"model": "auth.permission", "pk": 6, "fields": {"name": "Can change comment", "content_type": 2, "codename": "change_comment"}}, {"model": "auth.permission", "pk": 7, "fields": {"name": "Can delete comment", "content_type": 2, "codename": "delete_comment"}}, {"model": "auth.permission", "pk": 8, "fields": {"name": "Can view comment", "content_type": 2, "codename": "view_comment"}}, {"model": "auth.permission", "pk": 9, "fields": {"name": "Can add log entry", "content_type": 3, "codename": "add_logentry"}}, {"model": "auth.permission", "pk": 10, "fields": {"name": "Can change log entry", "content_type": 3, "codename": "change_logentry"}}, {"model": "auth.permission", "pk": 11, "fields": {"name": "Can delete log entry", "content_type": 3, "codename": "delete_logentry"}}, {"model": "auth.permission", "pk": 12, "fields": {"name": "Can view log entry", "content_type": 3, "codename": "view_logentry"}}, {"model": "auth.permission", "pk": 13, "fields": {"name": "Can add permission", "content_type": 4, "codename": "add_permission"}}, {"model": "auth.permission", "pk": 14, "fields": {"name": "Can change permission", "content_type": 4, "codename": "change_permission"}}, {"model": "auth.permission", "pk": 15, "fields": {"name": "Can delete permission", "content_type": 4, "codename": "delete_permission"}}, {"model": "auth.permission", "pk": 16, "fields": {"name": "Can view permission", "content_type": 4, "codename": "view_permission"}}, {"model": "auth.permission", "pk": 17, "fields": {"name": "Can add group", "content_type": 5, "codename": "add_group"}}, {"model": "auth.permission", "pk": 18, "fields": {"name": "Can change group", "content_type": 5, "codename": "change_group"}}, {"model": "auth.permission", "pk": 19, "fields": {"name": "Can delete group", "content_type": 5, "codename": "delete_group"}}, {"model": "auth.permission", "pk": 20, "fields": {"name": "Can view group", "content_type": 5, "codename": "view_group"}}, {"model": "auth.permission", "pk": 21, "fields": {"name": "Can add user", "content_type": 6, "codename": "add_user"}}, {"model": "auth.permission", "pk": 22, "fields": {"name": "Can change user", "content_type": 6, "codename": "change_user"}}, {"model": "auth.permission", "pk": 23, "fields": {"name": "Can delete user", "content_type": 6, "codename": "delete_user"}}, {"model": "auth.permission", "pk": 24, "fields": {"name": "Can view user", "content_type": 6, "codename": "view_user"}}, {"model": "auth.permission", "pk": 25, "fields": {"name": "Can add content type", "content_type": 7, "codename": "add_contenttype"}}, {"model": "auth.permission", "pk": 26, "fields": {"name": "Can change content type", "content_type": 7, "codename": "change_contenttype"}}, {"model": "auth.permission", "pk": 27, "fields": {"name": "Can delete content type", "content_type": 7, "codename": "delete_contenttype"}}, {"model": "auth.permission", "pk": 28, "fields": {"name": "Can view content type", "content_type": 7, "codename": "view_contenttype"}}, {"model": "auth.permission", "pk": 29, "fields": {"name": "Can add session", "content_type": 8, "codename": "add_session"}}, {"model": "auth.permission", "pk": 30, "fields": {"name": "Can change session", "content_type": 8, "codename": "change_session"}}, {"model": "auth.permission", "pk": 31, "fields": {"name": "Can delete session", "content_type": 8, "codename": "delete_session"}}, {"model": "auth.permission", "pk": 32, "fields": {"name": "Can view session", "content_type": 8, "codename": "view_session"}}, {"model": "auth.user", "pk": 1, "fields": {"password": "pbkdf2_sha256$320000$LDy2iBruc8FKAI87DImHP6$swHuk/KiPQBDna+Q+Y2xdh3Wlx+azvEaByPXhc4hjlk=", "last_login": "2022-04-11T17:20:37.549Z", "is_superuser": true, "username": "admin", "first_name": "", "last_name": "", "email": "", "is_staff": true, "is_active": true, "date_joined": "2022-04-11T17:19:59.212Z", "groups": [], "user_permissions": []}}, {"model": "contenttypes.contenttype", "pk": 1, "fields": {"app_label": "example", "model": "blog"}}, {"model": "contenttypes.contenttype", "pk": 2, "fields": {"app_label": "example", "model": "comment"}}, {"model": "contenttypes.contenttype", "pk": 3, "fields": {"app_label": "admin", "model": "logentry"}}, {"model": "contenttypes.contenttype", "pk": 4, "fields": {"app_label": "auth", "model": "permission"}}, {"model": "contenttypes.contenttype", "pk": 5, "fields": {"app_label": "auth", "model": "group"}}, {"model": "contenttypes.contenttype", "pk": 6, "fields": {"app_label": "auth", "model": "user"}}, {"model": "contenttypes.contenttype", "pk": 7, "fields": {"app_label": "contenttypes", "model": "contenttype"}}, {"model": "contenttypes.contenttype", "pk": 8, "fields": {"app_label": "sessions", "model": "session"}}, {"model": "sessions.session", "pk": "jhp7msrtjvl5ti60hkcoq2et7jskqun9", "fields": {"session_data": ".eJxVjDsOwjAQRO_iGlmL17-lpM8ZLH8WHECOFCcV4u4kUgqQppr3Zt4ixHWpYe08h7GIiziL02-XYn5y20F5xHafZJ7aMo9J7oo8aJfDVPh1Pdy_gxp73daU_c0UlSKysqCRQHlDAN6DdlaTMdEwIjpSRWdwChOoLdYSZ6eN-HwBpyA19w:1ndxiP:zZAgmwYMdvVRQFPKsT-muzM1Yt-HqSv7Ukh30mBOEPc", "expire_date": "2022-04-25T17:20:37.552Z"}}]